,title,subreddit,url,author,created
0,I am going to short the whole country of South Africa.,wallstreetbets,https://www.reddit.com/r/wallstreetbets/comments/lkzviy/i_am_going_to_short_the_whole_country_of_south/,The-Crazed-Crusader,2021-02-17 00:54:09
1,Play with the commodity super cycle: let us find miners!,wallstreetbets,https://www.reddit.com/r/wallstreetbets/comments/lkzmfu/play_with_the_commodity_super_cycle_let_us_find/,caelitina,2021-02-17 00:35:16
2,I like the stonk,wallstreetbets,https://v.redd.it/tsz68gd5nsh61,Allgoodnamesinuse,2021-02-16 23:41:22
3,When you realize losing your hard earned money was merely initiation to be one of the wsb bois.,wallstreetbets,https://i.redd.it/d5spqdkxesh61.jpg,tkolu,2021-02-16 22:54:44
4,Hiding shorts by ETF's?,wallstreetbets,https://www.reddit.com/r/wallstreetbets/comments/lky552/hiding_shorts_by_etfs/,--X0X0--,2021-02-16 22:50:01
5,PUPPY FEVER GOT YOU REKT?,wallstreetbets,https://www.reddit.com/r/wallstreetbets/comments/lkxkw5/puppy_fever_got_you_rekt/,Shr00MN00B6,2021-02-16 22:13:40
6,$THO. Over or under valued?,wallstreetbets,https://www.reddit.com/r/wallstreetbets/comments/lkwq20/tho_over_or_under_valued/,kidsmakeyoucrazy,2021-02-16 21:21:41
7,Can anyone shed light on how short interest impacts when shorters need to close out their position?,wallstreetbets,https://www.reddit.com/r/wallstreetbets/comments/lkwop3/can_anyone_shed_light_on_how_short_interest/,Semitar1,2021-02-16 21:19:30
8,Dwight Schrute owns Palantir,wallstreetbets,https://www.reddit.com/r/wallstreetbets/comments/lkwazx/dwight_schrute_owns_palantir/,OGSQ,2021-02-16 20:58:08
9,Weed stonks and the 80/20 long game,wallstreetbets,https://www.reddit.com/r/wallstreetbets/comments/lkw9hi/weed_stonks_and_the_8020_long_game/,78thusername,2021-02-16 20:55:24
